Month,Day,Year,ID_Number,Weight_g,SVL_mm,Swab_ID,Sprayed_YN,Fell_On_Floor_YN,Feed_YN,Amount_of_fruit_flies_fed,Notes,Exp_Day
1,3,2018,1,0.917,18.4,NA,NA,NA,NA,NA,NA,55
1,3,2018,5,0.796,20,NA,NA,NA,NA,NA,NA,55
1,3,2018,7,0.716,19.5,NA,NA,NA,NA,NA,NA,55
1,3,2018,8,0.672,19.6,NA,NA,NA,NA,NA,NA,55
1,3,2018,10,0.782,19,NA,NA,NA,NA,NA,NA,55
1,3,2018,13,0.634,19.2,NA,NA,NA,NA,NA,NA,55
1,3,2018,15,0.877,19.2,NA,NA,NA,NA,NA,NA,55
1,3,2018,18,0.82,19.6,NA,NA,NA,NA,NA,NA,55
1,3,2018,20,0.728,18.4,NA,NA,NA,NA,NA,NA,55
1,3,2018,22,0.492,16.8,NA,NA,NA,NA,NA,NA,55
1,3,2018,23,0.718,18.5,NA,NA,NA,NA,NA,NA,55
1,3,2018,24,0.863,20.3,NA,NA,NA,NA,NA,NA,55
1,3,2018,25,0.782,18.5,NA,NA,NA,NA,NA,NA,55
1,3,2018,26,0.694,20,NA,NA,NA,NA,NA,NA,55
1,3,2018,27,0.789,18,NA,NA,NA,NA,NA,NA,55
1,3,2018,28,0.724,19.2,NA,NA,NA,NA,NA,NA,55
1,3,2018,29,0.83,18.2,NA,NA,NA,NA,NA,NA,55
1,3,2018,31,0.675,18.5,NA,NA,NA,NA,NA,NA,55
1,3,2018,32,0.796,20.6,NA,NA,NA,NA,NA,NA,55
1,3,2018,34,0.618,20.1,NA,NA,NA,NA,NA,NA,55
1,3,2018,36,0.751,19.7,NA,NA,NA,NA,NA,NA,55
1,3,2018,37,0.705,18.2,NA,NA,NA,NA,NA,NA,55
1,3,2018,39,0.769,19,NA,NA,NA,NA,NA,NA,55
1,3,2018,40,0.885,19,NA,NA,NA,NA,NA,NA,55
1,3,2018,41,0.987,21,NA,NA,NA,NA,NA,NA,55
1,3,2018,44,0.73,19,NA,NA,NA,NA,NA,NA,55
1,3,2018,45,0.667,18.6,NA,NA,NA,NA,NA,NA,55
1,3,2018,45,0.474,17.3,NA,NA,NA,NA,NA,NA,55
1,3,2018,47,0.924,19.6,NA,NA,NA,NA,NA,NA,55
1,3,2018,49,0.906,19,NA,NA,NA,NA,NA,NA,55
1,3,2018,51,0.813,19,NA,NA,NA,NA,NA,NA,55
1,3,2018,54,0.67,18,NA,NA,NA,NA,NA,NA,55
1,3,2018,58,0.562,18,NA,NA,NA,NA,NA,NA,55
1,3,2018,59,0.757,18.6,NA,NA,NA,NA,NA,NA,55
1,3,2018,61,0.641,18.5,NA,NA,NA,NA,NA,NA,55
1,3,2018,63,0.79,20,NA,NA,NA,NA,NA,NA,55
1,3,2018,65,0.4,14.4,NA,NA,NA,NA,NA,NA,55
1,3,2018,66,0.953,22,NA,NA,NA,NA,NA,NA,55
1,3,2018,67,0.821,21,NA,NA,NA,NA,NA,NA,55
1,3,2018,68,0.573,16.6,NA,NA,NA,NA,NA,NA,55
1,3,2018,69,0.711,19.6,NA,NA,NA,NA,NA,NA,55
1,3,2018,73,0.895,19,NA,NA,NA,NA,NA,NA,55
1,3,2018,74,0.832,18.2,NA,NA,NA,NA,NA,NA,55
1,3,2018,76,0.746,19,NA,NA,NA,NA,NA,NA,55
1,3,2018,81,0.892,19.5,NA,NA,NA,NA,NA,NA,55
1,3,2018,83,0.736,19.5,NA,NA,NA,NA,NA,NA,55
1,3,2018,86,0.813,20.4,NA,NA,NA,NA,NA,NA,55
1,3,2018,87,1.01,20,NA,NA,NA,NA,NA,NA,55
1,3,2018,89,0.776,18.7,NA,NA,NA,NA,NA,NA,55
1,3,2018,90,0.677,18.6,NA,NA,NA,NA,NA,NA,55
1,3,2018,92,0.87,19.4,NA,NA,NA,NA,NA,NA,55
1,3,2018,94,0.723,19.7,NA,NA,NA,NA,NA,NA,55
1,3,2018,95,0.748,18.3,NA,NA,NA,NA,NA,NA,55
1,3,2018,96,0.74,18.5,NA,NA,NA,NA,NA,NA,55
1,3,2018,99,0.802,19.5,NA,NA,NA,NA,NA,NA,55
1,3,2018,101,0.754,18,NA,NA,NA,NA,NA,NA,55
1,3,2018,103,0.949,20.5,NA,NA,NA,NA,NA,NA,55
1,3,2018,104,0.879,19.2,NA,NA,NA,NA,NA,NA,55
1,3,2018,107,0.8,20,NA,NA,NA,NA,NA,NA,55
1,3,2018,108,0.846,18.8,NA,NA,NA,NA,NA,NA,55
1,3,2018,109,0.957,20.5,NA,NA,NA,NA,NA,NA,55
1,3,2018,111,0.804,18.8,NA,NA,NA,NA,NA,NA,55
1,3,2018,113,0.796,19.6,NA,NA,NA,NA,NA,NA,55
1,3,2018,114,0.747,19.4,NA,NA,NA,NA,NA,NA,55
1,3,2018,117,0.733,18.7,NA,NA,NA,NA,NA,NA,55
1,3,2018,119,0.915,20.2,NA,NA,NA,NA,NA,NA,55
1,3,2018,120,0.83,18.6,NA,NA,NA,NA,NA,NA,55
1,3,2018,121,0.502,16.3,NA,NA,NA,NA,NA,NA,55
1,3,2018,123,0.65,18.5,NA,NA,NA,NA,NA,NA,55
1,9,2018,1,0.812,18.4,NA,NA,NA,NA,NA,NA,61
1,9,2018,5,0.783,19.3,NA,NA,NA,NA,NA,NA,61
1,9,2018,7,0.677,18.3,NA,NA,NA,NA,NA,NA,61
1,9,2018,8,0.685,18.8,NA,NA,NA,NA,NA,NA,61
1,9,2018,10,0.771,20,NA,NA,NA,NA,NA,NA,61
1,9,2018,13,0.661,18.4,NA,NA,NA,NA,NA,NA,61
1,9,2018,15,0.825,19.6,NA,NA,NA,NA,NA,NA,61
1,9,2018,18,0.77,19.1,NA,NA,NA,NA,NA,NA,61
1,9,2018,20,0.705,17.5,NA,NA,NA,NA,NA,NA,61
1,9,2018,22,0.444,16.1,NA,NA,NA,NA,NA,NA,61
1,9,2018,23,0.777,18.4,NA,NA,NA,NA,NA,NA,61
1,9,2018,24,0.843,19.3,NA,NA,NA,NA,NA,NA,61
1,9,2018,25,0.743,19.9,NA,NA,NA,NA,NA,NA,61
1,9,2018,26,0.595,19.1,NA,NA,NA,NA,NA,NA,61
1,9,2018,27,0.764,19,NA,NA,NA,NA,NA,NA,61
1,9,2018,28,0.747,18.2,NA,NA,NA,NA,NA,NA,61
1,9,2018,29,0.827,19.9,NA,NA,NA,NA,NA,NA,61
1,9,2018,31,0.566,17.8,NA,NA,NA,NA,NA,NA,61
1,9,2018,32,0.762,19.9,NA,NA,NA,NA,NA,NA,61
1,9,2018,34,0.717,19.4,NA,NA,NA,NA,NA,NA,61
1,9,2018,36,0.704,19.6,NA,NA,NA,NA,NA,NA,61
1,9,2018,37,0.664,17.5,NA,NA,NA,NA,NA,NA,61
1,9,2018,39,0.735,19.9,NA,NA,NA,NA,NA,NA,61
1,9,2018,40,0.834,20.2,NA,NA,NA,NA,NA,NA,61
1,9,2018,41,0.972,20.8,NA,NA,NA,NA,NA,NA,61
1,9,2018,44,0.759,19.1,NA,NA,NA,NA,NA,NA,61
1,9,2018,45,0.691,17.7,NA,NA,NA,NA,NA,NA,61
1,9,2018,47,0.86,20.4,NA,NA,NA,NA,NA,NA,61
1,9,2018,49,0.887,20.1,NA,NA,NA,NA,NA,NA,61
1,9,2018,51,0.768,19.5,NA,NA,NA,NA,NA,NA,61
1,9,2018,54,0.702,18.7,NA,NA,NA,NA,NA,NA,61
1,9,2018,58,0.58,17.3,NA,NA,NA,NA,NA,NA,61
1,9,2018,59,0.754,18.6,NA,NA,NA,NA,NA,NA,61
1,9,2018,61,0.561,18.2,NA,NA,NA,NA,NA,NA,61
1,9,2018,63,0.814,20,NA,NA,NA,NA,NA,NA,61
1,9,2018,66,0.933,21,NA,NA,NA,NA,NA,NA,61
1,9,2018,67,0.838,19.8,NA,NA,NA,NA,NA,NA,61
1,9,2018,68,0.573,18.3,NA,NA,NA,NA,NA,NA,61
1,9,2018,69,0.709,19.2,NA,NA,NA,NA,NA,NA,61
1,9,2018,73,0.847,18.9,NA,NA,NA,NA,NA,NA,61
1,9,2018,74,0.776,20.1,NA,NA,NA,NA,NA,NA,61
1,9,2018,76,0.723,18.4,NA,NA,NA,NA,NA,NA,61
1,9,2018,81,0.855,19.5,NA,NA,NA,NA,NA,NA,61
1,9,2018,83,0.724,19,NA,NA,NA,NA,NA,NA,61
1,9,2018,86,0.821,20.7,NA,NA,NA,NA,NA,NA,61
1,9,2018,87,0.986,19.8,NA,NA,NA,NA,NA,NA,61
1,9,2018,89,0.806,19.3,NA,NA,NA,NA,NA,NA,61
1,9,2018,90,0.639,18.5,NA,NA,NA,NA,NA,NA,61
1,9,2018,92,0.813,19,NA,NA,NA,NA,NA,NA,61
1,9,2018,94,0.672,19,NA,NA,NA,NA,NA,NA,61
1,9,2018,95,0.742,18,NA,NA,NA,NA,NA,NA,61
1,9,2018,96,0.72,18.7,NA,NA,NA,NA,NA,NA,61
1,9,2018,101,0.727,18,NA,NA,NA,NA,NA,NA,61
1,9,2018,103,0.929,20.5,NA,NA,NA,NA,NA,NA,61
1,9,2018,104,0.838,19.8,NA,NA,NA,NA,NA,NA,61
1,9,2018,107,0.797,19.6,NA,NA,NA,NA,NA,NA,61
1,9,2018,108,0.82,19.2,NA,NA,NA,NA,NA,NA,61
1,9,2018,109,0.915,20.5,NA,NA,NA,NA,NA,NA,61
1,9,2018,111,0.796,20.6,NA,NA,NA,NA,NA,NA,61
1,9,2018,113,0.745,19,NA,NA,NA,NA,NA,NA,61
1,9,2018,114,0.781,19.1,NA,NA,NA,NA,NA,NA,61
1,9,2018,117,0.711,18.1,NA,NA,NA,NA,NA,NA,61
1,9,2018,119,0.874,20,NA,NA,NA,NA,NA,NA,61
1,9,2018,120,0.831,18.9,NA,NA,NA,NA,NA,NA,61
1,9,2018,121,0.491,14.9,NA,NA,NA,NA,NA,NA,61
1,9,2018,123,0.542,18.7,NA,NA,NA,NA,NA,NA,61
11,3,2017,1,0.95,20,BI1,N,N,Y,10,NA,
11,3,2017,2,0.83,20.1,BI2,N,N,Y,10,NA,-6
11,3,2017,3,0.672,18.3,BI3,N,N,Y,10,bleeding_from_rump?,-6
11,3,2017,4,0.735,18.6,BI4,Y,N,Y,10,NA,-6
11,3,2017,5,0.55,17.2,BI5,N,N,Y,10,NA,-6
11,3,2017,6,0.616,17.4,BI6,N,N,Y,10,NA,-6
11,3,2017,7,0.661,17.9,BI7,Y,N,Y,10,NA,-6
11,3,2017,8,0.488,16.5,BI8,Y,N,Y,10,NA,-6
11,3,2017,9,0.52,16.5,BI9,N,N,Y,10,NA,-6
11,3,2017,10,0.58,17.4,BI10,N,N,Y,10,NA,-6
11,3,2017,11,0.476,16.6,BI11,Y,N,Y,10,NA,-6
11,3,2017,12,0.505,17.2,BI12,Y,N,Y,10,NA,-6
11,3,2017,13,0.713,17.3,BI13,Y,N,Y,10,11:00:00_AM,-6
11,3,2017,14,0.474,16.7,BI14,Y,N,Y,10,NA,-6
11,3,2017,15,0.597,16.9,BI15,Y,N,Y,10,NA,-6
11,3,2017,16,0.515,17,BI16,Y,N,Y,10,maybe_dead?_Put_him_back_and_he_lives_-_spread_out_legs_and_stopped_breathing,-6
11,3,2017,17,0.412,16,BI17,Y,N,Y,10,NA,-6
11,3,2017,18,0.587,17.5,BI18,Y,N,Y,10,NA,-6
11,3,2017,19,0.567,17.6,BI19,Y,N,Y,10,NA,-6
11,3,2017,20,0.389,16.9,BI20,Y,N,Y,10,NA,-6
11,3,2017,21,0.501,17.4,BI21,Y,N,Y,10,11:18:00_AM,-6
11,3,2017,22,0.506,15.8,BI22,Y,N,Y,10,NA,-6
11,3,2017,23,0.586,17,BI23,Y,N,Y,10,NA,-6
11,3,2017,24,0.575,17.8,BI24,Y,Y,Y,10,had_to_swab_two_times_,-6
11,3,2017,25,0.561,16.6,BI25,Y,N,Y,10,NA,-6
11,3,2017,26,0.62,17.6,BI26,Y,N,Y,10,NA,-6
11,3,2017,27,0.569,16.8,BI27,Y,N,Y,10,NA,-6
11,3,2017,28,0.618,17.3,BI28,Y,Y,Y,10,NA,-6
11,3,2017,29,0.599,17.2,BI29,Y,Y,Y,10,NA,-6
11,3,2017,30,0.505,17,BI30,Y,N,Y,10,11:41:00_AM,-6
11,3,2017,31,0.553,16.9,BI31,Y,N,Y,10,NA,-6
11,3,2017,32,0.532,16.5,BI32,Y,N,Y,10,NA,-6
11,3,2017,33,0.462,15.8,BI33,Y,N,Y,10,11:49:00_AM,-6
11,3,2017,34,0.547,16.4,BI34,Y,N,Y,10,NA,-6
11,3,2017,35,0.731,18.7,BI35,Y,Y,Y,10,double_swab_,-6
11,3,2017,36,0.448,16.2,BI36,Y,N,Y,10,NA,-6
11,3,2017,37,0.563,15.6,BI37,Y,N,Y,10,11:58:00_AM,-6
11,3,2017,38,0.535,16.2,BI38,Y,N,Y,10,got_two_sprays,-6
11,3,2017,39,0.497,16.5,BI39,Y,N,Y,10,NA,-6
11,3,2017,40,0.695,17.9,BI40,Y,N,Y,10,NA,-6
11,3,2017,41,0.886,19.6,BI41,Y,N,Y,10,could_not_right_itself_well,-6
11,3,2017,42,0.389,15,BI42,Y,N,Y,10,might_have_died_-_bum_right_arm_-_was_very_slow,-6
11,3,2017,43,0.469,15.9,BI43,Y,N,Y,10,NA,-6
11,3,2017,44,0.528,16.2,BI44,Y,N,Y,10,NA,-6
11,3,2017,45,0.401,15.5,BI45,Y,N,Y,10,NA,-6
11,3,2017,46,0.43,14.8,BI46,Y,N,Y,10,NA,-6
11,3,2017,47,0.766,18.2,BI47,Y,N,Y,10,12:34:00_PM,-6
11,3,2017,48,0.506,17,BI48,Y,N,Y,10,NA,-6
11,3,2017,49,0.673,17.4,BI49,Y,N,Y,10,NA,-6
11,3,2017,50,0.518,16.3,BI50,Y,N,Y,10,1:27:00_PM,-6
11,3,2017,51,0.505,17.1,BI51,Y,N,Y,10,NA,-6
11,3,2017,52,0.726,19.5,BI52,Y,N,Y,10,NA,-6
11,3,2017,53,0.624,18,BI53,Y,N,Y,10,NA,-6
11,3,2017,54,0.493,16.2,BI54,Y,N,Y,10,NA,-6
11,3,2017,55,0.483,16.85,BI55,Y,N,Y,10,NA,-6
11,3,2017,56,0.873,15.8,BI56,Y,N,Y,10,NA,-6
11,3,2017,57,0.67,18.2,BI57,Y,Y,Y,10,NA,-6
11,3,2017,58,0.455,16.2,BI58,Y,N,Y,10,NA,-6
11,3,2017,59,0.618,17.8,BI59,Y,N,Y,10,NA,-6
11,3,2017,60,0.829,18.1,BI60,Y,N,Y,10,NA,-6
11,3,2017,61,0.611,17.4,BI61,Y,N,Y,10,NA,-6
11,3,2017,62,0.596,17,BI62,Y,Y,Y,10,NA,-6
11,3,2017,63,0.586,18.5,BI63,Y,N,Y,10,NA,-6
11,3,2017,64,0.712,17.6,BI64,Y,Y,Y,10,NA,-6
11,3,2017,65,0.514,16.3,BI65,Y,N,Y,10,bum_left_arm,-6
11,3,2017,66,0.912,19.4,BI66,Y,N,Y,10,NA,-6
11,3,2017,67,0.725,18.5,BI67,Y,N,Y,10,NA,-6
11,3,2017,68,0.355,14.9,BI68,Y,N,Y,10,NA,-6
11,3,2017,69,0.52,16.3,BI69,Y,N,Y,10,NA,-6
11,3,2017,70,0.676,18.7,BI70,Y,N,Y,10,NA,-6
11,3,2017,71,0.74,18.7,BI71,Y,N,Y,10,2:08:00_PM,-6
11,3,2017,72,0.593,17.4,BI72,Y,N,Y,10,NA,-6
11,3,2017,73,0.696,18.1,BI73,Y,N,Y,10,NA,-6
11,3,2017,74,0.688,17.9,BI74,Y,N,Y,10,NA,-6
11,3,2017,75,0.452,15.9,BI75,Y,Y,Y,10,NA,-6
11,3,2017,76,0.487,15.85,BI76,Y,N,Y,10,NA,-6
11,3,2017,77,0.485,16.2,BI77,Y,N,Y,10,NA,-6
11,3,2017,78,0.553,17.6,BI78,Y,Y,Y,10,NA,-6
11,3,2017,79,0.511,15.6,BI79,Y,N,Y,10,NA,-6
11,3,2017,80,0.509,17.4,BI80,Y,N,Y,10,NA,-6
11,3,2017,81,0.64,17.6,BI81,Y,N,Y,10,NA,-6
11,3,2017,82,0.51,17.1,BI82,Y,N,Y,10,NA,-6
11,3,2017,83,0.502,16.5,BI83,Y,N,Y,10,2:34:00_PM,-6
11,3,2017,84,0.439,16.3,BI84,Y,N,Y,10,NA,-6
11,3,2017,85,0.613,17.5,BI85,Y,N,Y,10,NA,-6
11,3,2017,86,0.575,17.8,BI86,Y,N,Y,10,NA,-6
11,3,2017,87,0.775,17.7,BI87,Y,N,Y,10,NA,-6
11,3,2017,88,0.553,16.35,BI88,Y,N,Y,10,NA,-6
11,3,2017,89,0.58,18,BI89,Y,N,Y,10,NA,-6
11,3,2017,90,0.42,15.6,BI90,Y,N,Y,10,NA,-6
11,3,2017,91,0.487,16,BI91,Y,N,Y,10,2:46pm,-6
11,3,2017,92,0.555,16.75,BI92,Y,N,Y,10,NA,-6
11,3,2017,93,0.484,16.3,BI93,Y,N,Y,10,NA,-6
11,3,2017,94,0.663,17.65,BI94,Y,N,Y,10,NA,-6
11,3,2017,95,0.58,16.1,BI95,Y,N,Y,10,NA,-6
11,3,2017,96,0.469,16.1,BI96,Y,N,Y,10,NA,-6
11,3,2017,97,0.445,15.05,BI97,Y,N,Y,10,NA,-6
11,3,2017,98,0.242,15.9,BI98,Y,N,Y,10,NA,-6
11,3,2017,99,1.041,21.75,BI99,Y,N,Y,10,NA,-6
11,3,2017,100,0.653,15.5,BI100,Y,N,Y,10,3:06:00_PM,-6
11,3,2017,101,0.454,16.9,BI101,Y,N,Y,10,NA,-6
11,3,2017,102,0.491,16.7,BI102,Y,N,Y,10,NA,-6
11,3,2017,103,0.744,18,BI103,Y,N,Y,10,NA,-6
11,3,2017,104,0.712,17.8,BI104,Y,N,Y,10,NA,-6
11,3,2017,105,0.554,17.4,BI105,Y,N,Y,10,NA,-6
11,3,2017,106,0.559,17,BI106,Y,N,Y,10,NA,-6
11,3,2017,107,0.641,16.8,BI107,Y,N,Y,10,NA,-6
11,3,2017,108,0.58,16.8,BI108,Y,N,Y,10,NA,-6
11,3,2017,109,0.682,17.5,BI109,Y,N,Y,10,NA,-6
11,3,2017,110,0.558,16.2,BI110,Y,N,Y,10,NA,-6
11,3,2017,111,0.649,17.5,BI111,Y,N,Y,10,NA,-6
11,3,2017,112,0.595,17.25,BI112,Y,N,Y,10,NA,-6
11,3,2017,113,0.573,17.4,BI113,Y,N,Y,10,3:24:00_PM,-6
11,3,2017,114,0.483,16.5,BI114,Y,N,Y,10,NA,-6
11,3,2017,115,0.579,16.7,BI115,Y,N,Y,10,NA,-6
11,3,2017,116,0.483,14.9,BI116,Y,Y,Y,10,NA,-6
11,3,2017,117,0.449,15.55,BI117,Y,N,Y,10,NA,-6
11,3,2017,118,0.505,16.3,BI118,Y,N,Y,10,NA,-6
11,3,2017,119,0.617,17.2,BI119,Y,N,Y,10,NA,-6
11,3,2017,120,0.603,17.9,BI120,Y,N,Y,10,NA,-6
11,3,2017,121,0.47,14.75,BI121,Y,N,Y,10,NA,-6
11,3,2017,122,0.367,14.95,BI122,Y,N,Y,10,NA,-6
11,3,2017,123,0.391,16.05,BI123,Y,N,Y,10,NA,-6
11,3,2017,124,0.455,16.1,BI124,Y,N,Y,10,NA,-6
11,8,2017,1,0.945,19.4,NA,N,N,N,0,NA,-6
11,8,2017,2,0.81,18.9,NA,N,N,N,0,NA,-1
11,8,2017,3,0.686,18.7,NA,N,N,N,0,NA,-1
11,8,2017,4,0.723,17.1,NA,N,N,N,0,NA,-1
11,8,2017,5,0.558,16.8,NA,N,N,N,0,NA,-1
11,8,2017,6,0.607,18.9,NA,N,N,N,0,NA,-1
11,8,2017,7,0.649,18.5,NA,N,N,N,0,NA,-1
11,8,2017,8,0.501,16.1,NA,N,N,N,0,NA,-1
11,8,2017,9,0.541,15.4,NA,N,N,N,0,NA,-1
11,8,2017,10,0.628,18.7,NA,N,N,N,0,NA,-1
11,8,2017,11,0.487,17,NA,N,N,N,0,NA,-1
11,8,2017,12,0.511,16.3,NA,N,N,N,0,NA,-1
11,8,2017,13,0.681,17.3,NA,N,N,N,0,NA,-1
11,8,2017,14,0.683,16,NA,N,N,N,0,NA,-1
11,8,2017,15,0.595,16.9,NA,N,N,N,0,NA,-1
11,8,2017,16,0.49,16.9,NA,N,N,N,0,NA,-1
11,8,2017,17,0.446,15.7,NA,N,N,N,0,NA,-1
11,8,2017,18,0.582,16.8,NA,N,N,N,0,NA,-1
11,8,2017,19,0.563,17.5,NA,N,N,N,0,NA,-1
11,8,2017,20,0.583,16.7,NA,N,N,N,0,NA,-1
11,8,2017,21,0.496,15.3,NA,N,N,N,0,Fell on the ground,-1
11,8,2017,22,0.499,16.3,NA,N,N,N,0,Fell on the ground,-1
11,8,2017,23,0.576,16.7,NA,N,N,N,0,NA,-1
11,8,2017,24,0.59,17.9,NA,N,N,N,0,NA,-1
11,8,2017,25,0.558,16.5,NA,N,N,N,0,Fell on the ground,-1
11,8,2017,26,0.613,18.4,NA,N,N,N,0,NA,-1
11,8,2017,27,0.575,17.6,NA,N,N,N,0,NA,-1
11,8,2017,28,0.603,17.5,NA,N,N,N,0,NA,-1
11,8,2017,29,0.607,17.1,NA,N,N,N,0,NA,-1
11,8,2017,30,0.525,17,NA,N,N,N,0,NA,-1
11,8,2017,31,0.565,17.1,NA,N,N,N,0,NA,-1
11,8,2017,32,0.53,17.1,NA,N,N,N,0,NA,-1
11,8,2017,33,0.472,16.4,NA,N,N,N,0,Fell on the ground,-1
11,8,2017,34,0.581,17.4,NA,N,N,N,0,NA,-1
11,8,2017,35,0.729,19.5,NA,N,N,N,0,NA,-1
11,8,2017,36,0.479,16.2,NA,N,N,N,0,NA,-1
11,8,2017,37,0.554,17.1,NA,N,N,N,0,NA,-1
11,8,2017,38,0.538,15.9,NA,N,N,N,0,NA,-1
11,8,2017,39,0.529,17.9,NA,N,N,N,0,NA,-1
11,8,2017,40,0.717,17.8,NA,N,N,N,0,NA,-1
11,8,2017,41,0.848,19.9,NA,N,N,N,0,NA,-1
11,8,2017,42,0.393,14.4,NA,N,N,N,0,NA,-1
11,8,2017,43,0.533,14.7,NA,N,N,N,0,NA,-1
11,8,2017,44,0.527,16.1,NA,N,N,N,0,NA,-1
11,8,2017,45,0.44,15,NA,N,N,N,0,NA,-1
11,8,2017,46,0.438,16,NA,N,N,N,0,NA,-1
11,8,2017,47,0.755,18.8,NA,N,N,N,0,NA,-1
11,8,2017,48,0.546,16,NA,N,N,N,0,NA,-1
11,8,2017,49,0.689,17,NA,N,N,N,0,NA,-1
11,8,2017,50,0.53,16.9,NA,N,N,N,0,NA,-1
11,8,2017,51,0.502,16.9,NA,N,N,N,0,NA,-1
11,8,2017,52,0.684,18.2,NA,N,N,N,0,NA,-1
11,8,2017,53,0.624,17.5,NA,N,N,N,0,NA,-1
11,8,2017,54,0.48,15.7,NA,N,N,N,0,NA,-1
11,8,2017,55,0.474,16.2,NA,N,N,N,0,NA,-1
11,8,2017,56,0.891,18.3,NA,N,N,N,0,NA,-1
11,8,2017,57,0.702,16.7,NA,N,N,N,0,NA,-1
11,8,2017,58,0.502,15.8,NA,N,N,N,0,NA,-1
11,8,2017,59,0.651,16.6,NA,N,N,N,0,NA,-1
11,8,2017,60,0.746,18.3,NA,N,N,N,0,NA,-1
11,8,2017,61,0.636,17.2,NA,N,N,N,0,NA,-1
11,8,2017,62,0.62,17.5,NA,N,N,N,0,NA,-1
11,8,2017,63,0.616,18,NA,N,N,N,0,NA,-1
11,8,2017,64,0.718,18.3,NA,N,N,N,0,NA,-1
11,8,2017,65,0.488,15.4,NA,N,N,N,0,NA,-1
11,8,2017,66,0.913,19.6,NA,N,N,N,0,NA,-1
11,8,2017,67,0.712,18.4,NA,N,N,N,0,NA,-1
11,8,2017,68,0.388,16.8,NA,N,N,N,0,NA,-1
11,8,2017,69,0.528,15.7,NA,N,N,N,0,NA,-1
11,8,2017,70,0.657,16.2,NA,N,N,N,0,NA,-1
11,8,2017,71,0.753,17.6,NA,N,N,N,0,NA,-1
11,8,2017,72,0.594,18.2,NA,N,N,N,0,NA,-1
11,8,2017,73,0.74,19,NA,N,N,N,0,NA,-1
11,8,2017,74,0.668,16.4,NA,N,N,N,0,NA,-1
11,8,2017,75,0.46,15.5,NA,N,N,N,0,NA,-1
11,8,2017,76,0.515,16.2,NA,N,N,N,0,NA,-1
11,8,2017,77,0.535,16.8,NA,N,N,N,0,NA,-1
11,8,2017,78,0.58,17,NA,N,N,N,0,NA,-1
11,8,2017,79,0.527,15.5,NA,N,N,N,0,NA,-1
11,8,2017,80,0.514,16.7,NA,N,N,N,0,NA,-1
11,8,2017,81,0.653,17.6,NA,N,N,N,0,NA,-1
11,8,2017,82,0.533,16.5,NA,N,N,N,0,NA,-1
11,8,2017,83,0.524,16.2,NA,N,N,N,0,NA,-1
11,8,2017,84,0.453,17,NA,N,N,N,0,NA,-1
11,8,2017,85,0.614,17.5,NA,N,N,N,0,NA,-1
11,8,2017,86,0.582,16.4,NA,N,N,N,0,NA,-1
11,8,2017,87,0.765,17.2,NA,N,N,N,0,NA,-1
11,8,2017,88,0.553,16.5,NA,N,N,N,0,NA,-1
11,8,2017,89,0.605,16.1,NA,N,N,N,0,NA,-1
11,8,2017,90,0.435,15.5,NA,N,N,N,0,NA,-1
11,8,2017,91,0.461,15.4,NA,N,N,N,0,NA,-1
11,8,2017,92,0.611,17.2,NA,N,N,N,0,NA,-1
11,8,2017,93,0.516,16.4,NA,N,N,N,0,NA,-1
11,8,2017,94,0.667,17.6,NA,N,N,N,0,NA,-1
11,8,2017,95,0.541,15.3,NA,N,N,N,0,NA,-1
11,8,2017,96,0.511,15.4,NA,N,N,N,0,NA,-1
11,8,2017,97,0.468,15.9,NA,N,N,N,0,NA,-1
11,8,2017,98,0.434,14.8,NA,N,N,N,0,NA,-1
11,8,2017,99,1.05,20.4,NA,N,N,N,0,Did not care about handling; no righting reflex,-1
11,8,2017,100,0.665,17.8,NA,N,N,N,0,NA,-1
11,8,2017,101,0.452,16.2,NA,N,N,N,0,NA,-1
11,8,2017,102,0.355,15.4,NA,N,N,N,0,NA,-1
11,8,2017,103,0.749,17.7,NA,N,N,N,0,NA,-1
11,8,2017,104,0.7,17.8,NA,N,N,N,0,NA,-1
11,8,2017,105,0.561,17,NA,N,N,N,0,NA,-1
11,8,2017,106,0.539,17.2,NA,N,N,N,0,NA,-1
11,8,2017,107,0.645,17.4,NA,N,N,N,0,NA,-1
11,8,2017,108,0.594,16.9,NA,N,N,N,0,NA,-1
11,8,2017,109,0.706,17.2,NA,N,N,N,0,NA,-1
11,8,2017,110,0.574,15.6,NA,N,N,N,0,NA,-1
11,8,2017,111,0.652,17.5,NA,N,N,N,0,NA,-1
11,8,2017,112,0.614,17.8,NA,N,N,N,0,NA,-1
11,8,2017,113,0.588,17.7,NA,N,N,N,0,NA,-1
11,8,2017,114,0.545,16,NA,N,N,N,0,NA,-1
11,8,2017,115,0.378,16.6,NA,N,N,N,0,NA,-1
11,8,2017,116,0.492,14.7,NA,N,N,N,0,NA,-1
11,8,2017,117,0.476,15.8,NA,N,N,N,0,NA,-1
11,8,2017,118,0.558,16.7,NA,N,N,N,0,NA,-1
11,8,2017,119,0.643,17.4,NA,N,N,N,0,NA,-1
11,8,2017,120,0.63,18,NA,N,N,N,0,NA,-1
11,8,2017,121,0.485,15.1,NA,N,N,N,0,NA,-1
11,8,2017,122,0.391,14.1,NA,N,N,N,0,NA,-1
11,8,2017,123,0.531,16.6,NA,N,N,N,0,NA,-1
11,8,2017,124,0.46,15.8,NA,N,N,N,0,NA,-1
11,14,2017,1,0.917,18.3,AI-01,N,N,Y,NA,NA,5
11,14,2017,2,0.725,19,AI-02,N,N,Y,NA,BACKLEGS SHEDDING; A LOT; NOT MOVING,5
11,14,2017,3,0.632,19.7,AI-03,N,N,Y,NA,FLAT ON BELLY; NOT MOVING; JUMPED ONTO ITS BACK,5
11,14,2017,4,0.716,18.8,AI-04,N,N,Y,NA,NA,5
11,14,2017,5,0.571,18.2,AI-05,N,N,Y,NA,NA,5
11,14,2017,6,0.607,17.9,AI-06,N,N,Y,NA,NOT RESPONDING TO TOUCH- JUST NOT MOVING; TWITCHING & LAYING ON BACK,5
11,14,2017,7,0.661,17.1,AI-07,N,N,Y,NA,NA,5
11,14,2017,8,0.507,16.5,AI-08,N,N,Y,NA,NA,5
11,14,2017,9,0.5,16.7,AI-09,N,N,Y,NA,ACTIVE; UPRIGHT; RIGHTING REFLEX,5
11,14,2017,10,0.618,18.1,AI-10,N,N,Y,NA,NA,5
11,14,2017,11,0.457,16.3,AI-11,N,N,Y,NA,ACTIVE; JUMPING; STANDING UPRIGHT,5
11,14,2017,12,0.533,16.3,AI-12,N,N,Y,NA,NA,5
11,14,2017,13,0.694,18.1,AI-13,N,N,Y,NA,NA,5
11,14,2017,14,0.467,15.7,AI-14,N,N,Y,NA,NA,5
11,14,2017,15,0.596,16.8,AI-15,N,N,Y,NA,NA,5
11,14,2017,16,0.513,14.9,AI-16,N,N,Y,NA,NA,5
11,14,2017,17,0.397,15.7,AI-17,N,N,Y,NA,IRRADIC JUMPS- TWITCHING- JUMPS ONTO BACK,5
11,14,2017,18,0.568,17,AI-18,N,N,Y,NA,NA,5
11,14,2017,19,0.578,17.3,AI-19,N,N,Y,NA,NA,5
11,14,2017,20,0.561,15.4,AI-20,N,N,Y,NA,NA,5
11,14,2017,21,0.466,15.4,AI-21,N,N,Y,NA,TWITCHING- JUMPING ONTO ITS BACK- IRRADIC- BUT ACTIVE,5
11,14,2017,22,0.591,16.9,AI-22,N,N,Y,NA,NA,5
11,14,2017,23,0.58,16.9,AI-23,N,N,Y,NA,NA,5
11,14,2017,24,0.613,17.9,AI-24,N,N,Y,NA,NA,5
11,14,2017,25,0.551,16.4,AI-25,N,N,Y,NA,NA,5
11,14,2017,26,0.591,19,AI-26,N,N,Y,NA,NA,5
11,14,2017,27,0.754,17.1,AI-27,N,N,Y,NA,NA,5
11,14,2017,28,0.606,19.1,AI-28,N,N,Y,NA,NA,5
11,14,2017,29,0.629,17.4,AI-29,N,N,Y,NA,NA,5
11,14,2017,30,0.53,16.2,AI-30,N,N,Y,NA,NA,5
11,14,2017,31,0.549,16.8,AI-31,N,N,Y,NA,NA,5
11,14,2017,32,0.545,16.5,AI-32,N,N,Y,NA,NA,5
11,14,2017,33,0.507,16,AI-33,N,N,Y,NA,NA,5
11,14,2017,34,0.599,17.3,AI-34,N,N,Y,NA,NA,5
11,14,2017,35,0.665,16.9,AI-35,N,N,Y,NA,SHAKING (LIKE SHIVERING); ALSO TWITCHING,5
11,14,2017,36,0.486,16,AI-36,N,N,Y,NA,NA,5
11,14,2017,37,0.554,15.4,AI-37,N,N,Y,NA,NA,5
11,14,2017,38,0.525,16.2,AI-38,N,N,Y,NA,NA,5
11,14,2017,39,0.529,16.9,AI-39,N,N,Y,NA,NA,5
11,14,2017,40,0.698,17.7,AI-40,N,N,Y,NA,NA,5
11,14,2017,41,0.826,19,AI-41,N,N,Y,NA,NA,5
11,14,2017,42,0.348,13.7,AI-42,N,N,Y,NA,"VERY SLOW, HOPPING, BUT LANDS FLAT ON BELLY",5
11,14,2017,44,0.538,16.8,AI-44,N,N,Y,NA,NA,5
11,14,2017,45,0.451,15,AI-45,N,N,Y,NA,NA,5
11,14,2017,46,0.441,15,AI-46,N,N,Y,NA,NA,5
11,14,2017,47,0.733,19.4,AI-47,N,N,Y,NA,NA,5
11,14,2017,48,0.505,16,AI-48,N,N,Y,NA,NOT RESPONDING TO TOUCH- TWITCHING; LAYING ON ITS BACK,5
11,14,2017,49,0.661,17.7,AI-49,N,N,Y,NA,NA,5
11,14,2017,50,0.553,16.1,AI-50,N,N,Y,NA,TWITCHING- JUMPING ON ITS BACK- CAN'T CONTROL LEGS; VERY FLAT,5
11,14,2017,51,0.543,15.8,AI-51,N,N,Y,NA,NA,5
11,14,2017,52,0.695,19.3,AI-52,N,N,Y,NA,NA,5
11,14,2017,53,0.612,17,AI-53,N,N,Y,NA,NA,5
11,14,2017,54,0.5,15.6,AI-54,N,N,Y,NA,NA,5
11,14,2017,55,0.443,16.4,AI-55,N,N,Y,NA,NA,5
11,14,2017,56,0.752,19.6,AI-56,N,N,Y,NA,NOT MOVING; NOT RESPONDING TO TOUCH; ALIVE; TWITCH JUMPS,5
11,14,2017,57,0.637,17.4,AI-57,N,N,Y,NA,ACTIVE BUT FLAT,5
11,14,2017,58,0.498,16.1,AI-58,N,N,Y,NA,NA,5
11,14,2017,59,0.619,18.1,AI-59,N,N,Y,NA,NA,5
11,14,2017,60,0.732,19.5,AI-60,N,N,Y,NA,NA,5
11,14,2017,61,0.645,18,AI-61,N,N,Y,NA,NA,5
11,14,2017,62,0.605,17.2,AI-62,N,N,Y,NA,NA,5
11,14,2017,63,0.602,18.2,AI-63,N,N,Y,NA,NA,5
11,14,2017,64,0.644,18.3,AI-64,N,N,Y,NA,NA,5
11,14,2017,65,0.506,16.6,AI-65,N,N,Y,NA,BARELY MOVING; UNRESPONSIVE TO TOUCH,5
11,14,2017,66,0.917,19.9,AI-66,N,N,Y,NA,NA,5
11,14,2017,67,0.701,18.1,AI-67,N,N,Y,NA,NA,5
11,14,2017,68,0.39,15.4,AI-68,N,N,Y,NA,NA,5
11,14,2017,69,0.514,16.9,AI-69,N,N,Y,NA,NA,5
11,14,2017,70,0.669,17.5,AI-70,N,N,Y,NA,NA,5
11,14,2017,71,0.677,17.5,AI-71,N,N,Y,NA,MORE ACTIVE THAN ALL THE REST,5
11,14,2017,72,0.567,17.2,AI-72,N,N,Y,NA,FLAT ON BELLY; ACTIVE,5
11,14,2017,73,0.698,17.4,AI-73,N,N,Y,NA,NA,5
11,14,2017,74,0.67,17.6,AI-74,N,N,Y,NA,NA,5
11,14,2017,75,0.452,16.2,AI-75,N,N,Y,NA,ACTIVE- GOOD JUMPS,5
11,14,2017,76,0.502,16.2,AI-76,N,N,Y,NA,NA,5
11,14,2017,77,0.516,16.5,AI-77,N,N,Y,NA,JUMPED ONTO ITS BACK IN CONTAINER- RIGHTED ITSELF AFTER A WHILE,5
11,14,2017,78,0.617,16.9,AI-78,N,N,Y,NA,NA,5
11,14,2017,79,0.54,16.2,AI-79,N,N,Y,NA,NA,5
11,14,2017,80,0.581,16.8,AI-80,N,N,Y,NA,NA,5
11,14,2017,81,0.632,17.1,AI-81,N,N,Y,NA,NA,5
11,14,2017,82,0.535,16.5,AI-82,N,N,Y,NA,NA,5
11,14,2017,83,0.518,16.8,AI-83,N,N,Y,NA,NA,5
11,14,2017,84,0.451,15.2,AI-84,N,N,Y,NA,NA,5
11,14,2017,85,0.607,18.5,AI-85,N,N,Y,NA,MORE ACTIVE; BUT STILL KIND OF TWITCHING,5
11,14,2017,86,0.576,18.4,AI-86,N,N,Y,NA,NA,5
11,14,2017,87,0.738,18.1,AI-87,N,N,Y,NA,NA,5
11,14,2017,88,0.545,17.4,AI-88,N,N,Y,NA,NA,5
11,14,2017,89,0.609,18.4,AI-89,N,N,Y,NA,NA,5
11,14,2017,90,0.45,15.8,AI-90,N,N,Y,NA,NA,5
11,14,2017,91,0.433,16.6,AI-91,N,N,Y,NA,FLAT+SLOW; LEGS SPRAWLED OUT,5
11,14,2017,92,0.613,17.3,AI-92,N,N,Y,NA,NA,5
11,14,2017,93,0.519,15.5,AI-93,N,N,Y,NA,NA,5
11,14,2017,94,0.64,18.1,AI-94,N,N,Y,NA,NA,5
11,14,2017,95,0.529,16.4,AI-95,N,N,Y,NA,NA,5
11,14,2017,96,0.511,16.3,AI-96,N,N,Y,NA,NA,5
11,14,2017,97,0.58,16.2,AI-97,N,N,Y,NA,NA,5
11,14,2017,98,0.382,14.6,AI-98,N,N,Y,NA,SHEDDING FROM LEGS & BELLY; CRAZY TWITCH JUMPS,5
11,14,2017,99,0.946,21,AI-99,N,N,Y,NA,FLAT ON BELLY; NOT ACTIVE,5
11,14,2017,100,0.658,17.5,AI-100,N,N,Y,NA,NA,5
11,14,2017,101,0.527,16,AI-101,N,N,Y,NA,NA,5
11,14,2017,102,0.445,15.7,AI-102,N,N,Y,NA,NA,5
11,14,2017,103,0.742,19.8,AI-103,N,N,Y,NA,NA,5
11,14,2017,104,0.69,19.4,AI-104,N,N,Y,NA,NA,5
11,14,2017,105,0.555,17.2,AI-105,N,N,Y,NA,TWITCHING- JUMPING ONTO ITS BACK- IRRADIC,5
11,14,2017,106,0.415,17.1,AI-106,N,N,Y,NA,NA,5
11,14,2017,107,0.6,16.8,AI-107,N,N,Y,NA,NA,5
11,14,2017,108,0.588,16.6,AI-108,N,N,Y,NA,NA,5
11,14,2017,109,0.708,18.1,AI-109,N,N,Y,NA,NA,5
11,14,2017,110,0.561,16.5,AI-110,N,N,Y,NA,ACTIVE; UPRIGHT; RIGHTING REFLEX,5
11,14,2017,111,0.637,18.3,AI-111,N,N,Y,NA,NA,5
11,14,2017,112,0.584,17.5,AI-112,N,N,Y,NA,IRRADIC JUMPS- LETHARGIC,5
11,14,2017,113,0.602,17.9,AI-113,N,N,Y,NA,NA,5
11,14,2017,114,0.533,16.9,AI-114,N,N,Y,NA,NA,5
11,14,2017,115,0.578,17.4,AI-115,N,N,Y,NA,NA,5
11,14,2017,116,0.505,16.4,AI-116,N,N,Y,NA,NA,5
11,14,2017,117,0.476,17.7,AI-117,N,N,Y,NA,NA,5
11,14,2017,118,0.542,17,AI-118,N,N,Y,NA,NA,5
11,14,2017,119,0.619,17.7,AI-119,N,N,Y,NA,NA,5
11,14,2017,120,0.621,17.7,AI-120,N,N,Y,NA,NA,5
11,14,2017,121,0.489,14.5,AI-121,N,N,Y,NA,NA,5
11,14,2017,122,0.362,14.5,AI-122,N,N,Y,NA,NA,5
11,14,2017,123,0.562,17.1,AI-123,N,N,Y,NA,NA,5
11,14,2017,124,0.473,16,AI-124,N,N,Y,NA,NA,5
11,14,2017,125,0.579,16.9,BI-125,N,N,Y,NA,ACTIVE; GOOD JUMPER,5
11,14,2017,126,0.641,18.3,BI-126,N,N,Y,NA,ACTIVE AND HEALTHY ,5
12,5,2017,1,0.938,20.7,AI5-01,N,N,Y,NA,NA,26
12,5,2017,2,0.697,19.05,AI5-02,N,N,Y,NA,NA,26
12,5,2017,3,0.646,18,AI5-03,N,N,Y,NA,NA,26
12,5,2017,4,0.734,18.1,AI5-04,N,N,Y,NA,NA,26
12,5,2017,5,0.645,18.7,AI5-05,N,N,Y,NA,NA,26
12,5,2017,6,0.556,16.4,AI5-06,N,N,Y,NA,NA,26
12,5,2017,7,0.737,18.4,AI5-07,N,N,Y,NA,NA,26
12,5,2017,8,0.543,17.8,AI5-8,N,N,Y,NA,NA,26
12,5,2017,9,0.536,16.4,AI5-09,N,N,Y,NA,NA,26
12,5,2017,10,0.633,18.2,AI5-10,N,N,Y,NA,NA,26
12,5,2017,12,0.583,17,AI5-12,N,N,Y,NA,NA,26
12,5,2017,13,0.683,18.3,AI5-13,N,N,Y,NA,NA,26
12,5,2017,14,0.44,16.8,AI5-14,N,N,Y,NA,NA,26
12,5,2017,15,0.654,18,AI5-15,N,N,Y,NA,NA,26
12,5,2017,16,0.492,15.5,AI5-16,N,N,Y,NA,NA,26
12,5,2017,18,0.596,17.6,AI5-18,N,N,Y,NA,NA,26
12,5,2017,19,0.588,18,AI5-19,N,N,Y,NA,NA,26
12,5,2017,20,0.574,17.3,AI5-20,N,N,Y,NA,NA,26
12,5,2017,21,0.436,16.5,AI5-21,N,N,Y,NA,NA,26
12,5,2017,22,0.529,17.8,AI5-22,N,N,Y,NA,NA,26
12,5,2017,23,0.626,17.8,AI5-23,N,N,Y,NA,NA,26
12,5,2017,24,0.659,18.2,AI5-24,N,N,Y,NA,NA,26
12,5,2017,25,0.592,18,AI5-25,N,N,Y,NA,NA,26
12,5,2017,26,0.661,19,AI5-26,N,N,Y,NA,NA,26
12,5,2017,27,0.612,17.7,AI5-27,N,N,Y,NA,NA,26
12,5,2017,28,0.611,17.8,AI5-28,N,N,Y,NA,NA,26
12,5,2017,29,0.697,18.55,AI5-29,N,N,Y,NA,NA,26
12,5,2017,30,0.478,16.9,AI5-30,N,N,Y,NA,NA,26
12,5,2017,31,0.622,18,AI5-31,N,N,Y,NA,NA,26
12,5,2017,32,0.589,18.5,AI5-32,N,N,Y,NA,NA,26
12,5,2017,33,0.55,17.3,AI5-33,N,N,Y,NA,NA,26
12,5,2017,34,0.658,17.1,AI5-34,N,N,Y,NA,NA,26
12,5,2017,35,0.695,18.45,AI5-35,N,N,Y,NA,NA,26
12,5,2017,36,0.52,17.4,AI5-36,N,N,Y,NA,NA,26
12,5,2017,37,0.566,17.35,AI5-37,N,N,Y,NA,NA,26
12,5,2017,38,0.464,17.9,AI5-38,N,N,Y,NA,NA,26
12,5,2017,39,0.583,18.8,AI5-39,N,N,Y,NA,NA,26
12,5,2017,40,0.738,19.1,AI5-40,N,N,Y,NA,NA,26
12,5,2017,41,0.82,19,AI5-41,N,N,Y,NA,NA,26
12,5,2017,42,NA,NA,AI5-42,NA,NA,NA,NA,NA,26
12,5,2017,44,0.565,17.7,AI5-44,N,N,Y,NA,NA,26
12,5,2017,45,0.466,14.8,AI5-45,N,N,Y,NA,NA,26
12,5,2017,46,0.405,15.4,AI5-46,N,N,Y,NA,NA,26
12,5,2017,47,0.777,19.7,AI5-47,N,N,Y,NA,NA,26
12,5,2017,48,0.462,16.6,AI5-48,N,N,Y,NA,NA,26
12,5,2017,49,0.7,19.6,AI5-49,N,N,Y,NA,NA,26
12,5,2017,50,0.517,17.1,AI5-50,N,N,Y,NA,NA,26
12,5,2017,51,0.541,16.3,AI5-51,N,N,Y,NA,NA,26
12,5,2017,52,0.66,18.8,AI5-52,N,N,Y,NA,NA,26
12,5,2017,53,0.598,18.1,AI5-53,N,N,Y,NA,NA,26
12,5,2017,54,0.509,16.1,AI5-54,N,N,Y,NA,NA,26
12,5,2017,55,0.436,17,AI5-55,N,N,Y,NA,NA,26
12,5,2017,56,0.742,19.5,AI5-56,N,N,Y,NA,NA,26
12,5,2017,57,0.614,18.25,AI5-57,N,N,Y,NA,NA,26
12,5,2017,58,0.544,16.2,AI5-58,N,N,Y,NA,NA,26
12,5,2017,59,0.643,17.1,AI5-59,N,N,Y,NA,NA,26
12,5,2017,60,0.666,18.6,AI5-60,N,N,Y,NA,NA,26
12,5,2017,61,0.689,18.9,AI5-61,N,N,Y,NA,NA,26
12,5,2017,62,0.58,18.8,AI5-62,N,N,Y,NA,NA,26
12,5,2017,63,0.643,18.2,AI5-63,N,N,Y,NA,NA,26
12,5,2017,65,0.504,16.1,AI5-65,N,N,Y,NA,NA,26
12,5,2017,66,0.844,20,AI5-66,N,N,Y,NA,NA,26
12,5,2017,67,0.654,18.8,AI5-67,N,N,Y,NA,NA,26
12,5,2017,68,0.417,16.8,AI5-68,N,N,Y,NA,NA,26
12,5,2017,69,0.582,17.6,AI5-69,N,N,Y,NA,NA,26
12,5,2017,70,0.629,18.3,AI5-70,N,N,Y,NA,NA,26
12,5,2017,71,0.711,17.9,AI5-71,N,Y,Y,NA,Fell on floor,26
12,5,2017,72,0.533,17,AI5-72,N,N,Y,NA,NA,26
12,5,2017,73,0.751,19.3,AI5-73,N,N,Y,NA,NA,26
12,5,2017,74,0.688,18.5,AI5-74,N,N,Y,NA,NA,26
12,5,2017,75,0.435,17,AI5-75,N,N,Y,NA,NA,26
12,5,2017,76,0.552,16.9,AI5-76,N,N,Y,NA,NA,26
12,5,2017,77,0.486,16.9,AI5-77,N,N,Y,NA,NA,26
12,5,2017,78,0.636,18.9,AI5-78,N,N,Y,NA,NA,26
12,5,2017,79,0.549,16.55,AI5-79,N,N,Y,NA,NA,26
12,5,2017,80,0.484,16.55,AI5-80,N,N,Y,NA,NA,26
12,5,2017,81,0.674,19.4,AI5-81,N,N,Y,NA,NA,26
12,5,2017,82,0.48,16.7,AI5-82,N,N,Y,NA,NA,26
12,5,2017,83,0.566,17.7,AI5-83,N,N,Y,NA,NA,26
12,5,2017,84,0.481,17,AI5-84,N,N,Y,NA,NA,26
12,5,2017,85,0.606,17.4,AI5-85,N,N,Y,NA,NA,26
12,5,2017,86,0.594,18.4,AI5-86,N,N,Y,NA,NA,26
12,5,2017,87,0.74,20,AI5-87,N,N,Y,NA,NA,26
12,5,2017,88,0.557,17.8,AI5-88,N,N,Y,NA,NA,26
12,5,2017,89,0.658,17.6,AI5-89,N,N,Y,NA,NA,26
12,5,2017,90,0.462,17.4,AI5-90,N,N,Y,NA,NA,26
12,5,2017,91,0.465,16.4,AI5-91,N,N,Y,NA,NA,26
12,5,2017,92,0.645,18.7,AI5-92,N,N,Y,NA,NA,26
12,5,2017,93,0.555,17.5,AI5-93,N,N,Y,NA,NA,26
12,5,2017,94,0.705,17.3,AI5-94,N,N,Y,NA,NA,26
12,5,2017,95,0.544,17.2,AI5-95,N,N,Y,NA,NA,26
12,5,2017,96,0.535,18.1,AI5-96,N,N,Y,NA,NA,26
12,5,2017,97,0.542,16.6,AI5-97,N,N,Y,NA,NA,26
12,5,2017,98,0.419,15.3,AI5-98,N,N,Y,NA,NA,26
12,5,2017,99,0.894,20.9,AI5-99,N,N,Y,NA,NA,26
12,5,2017,100,0.655,18.4,AI5-100,N,N,Y,NA,NA,26
12,5,2017,101,0.578,16.7,AI5-101,N,N,Y,NA,NA,26
12,5,2017,102,0.378,16.8,AI5-102,N,N,Y,NA,"Twitching, splayed out, maybe dead",26
12,5,2017,103,0.781,19.4,AI5-103,N,N,Y,NA,NA,26
12,5,2017,104,0.711,19.3,AI5-104,N,N,Y,NA,NA,26
12,5,2017,106,0.578,18.05,AI5-106,N,N,Y,NA,NA,26
12,5,2017,107,0.655,18.8,AI5-107,N,N,Y,NA,NA,26
12,5,2017,108,0.649,17,AI5-108,N,N,Y,NA,NA,26
12,5,2017,109,0.705,18.1,AI5-109,N,N,Y,NA,NA,26
12,5,2017,110,0.619,17.5,AI5-110,N,N,Y,NA,NA,26
12,5,2017,111,0.64,17.7,AI5-111,N,N,Y,NA,NA,26
12,5,2017,112,0.581,17.1,AI5-112,N,N,Y,NA,NA,26
12,5,2017,113,0.66,16.9,AI5-113,N,N,Y,NA,NA,26
12,5,2017,114,0.593,17.6,AI5-114,N,N,Y,NA,NA,26
12,5,2017,115,0.6,18.5,AI5-115,N,N,Y,NA,NA,26
12,5,2017,116,0.499,17.5,AI5-116,N,N,Y,NA,NA,26
12,5,2017,117,0.54,16.8,AI5-117,N,N,Y,NA,NA,26
12,5,2017,118,0.544,18.3,AI5-118,N,N,Y,NA,NA,26
12,5,2017,119,0.682,19.5,AI5-119,N,N,Y,NA,NA,26
12,5,2017,120,0.702,18.5,AI5-120,N,N,Y,NA,NA,26
12,5,2017,121,0.441,15.1,AI5-121,N,N,Y,NA,NA,26
12,5,2017,122,0.356,15.35,AI5-122,N,N,Y,NA,NA,26
12,5,2017,123,0.628,17.5,AI5-123,N,N,Y,NA,NA,26
12,5,2017,124,0.485,16.7,AI5-124,N,N,Y,NA,NA,26
12,12,2017,1,0.97,19,1,NA,NA,NA,NA,NA,33
12,12,2017,3,0.66,19.1,3,NA,NA,NA,NA,NA,33
12,12,2017,5,0.64,18.2,5,NA,NA,NA,NA,NA,33
12,12,2017,7,0.719,18.8,7,NA,NA,NA,NA,NA,33
12,12,2017,8,0.556,18.5,8,NA,NA,NA,NA,NA,33
12,12,2017,9,0.529,17.2,9,NA,NA,NA,NA,NA,33
12,12,2017,10,0.58,19,10,NA,NA,NA,NA,NA,33
12,12,2017,13,0.691,17.9,13,NA,NA,NA,NA,NA,33
12,12,2017,15,0.688,18.3,15,NA,NA,NA,NA,NA,33
12,12,2017,18,0.6,17.3,18,NA,NA,NA,NA,NA,33
12,12,2017,20,0.631,17.3,20,NA,NA,NA,NA,NA,33
12,12,2017,22,0.538,18.1,22,NA,NA,NA,NA,NA,33
12,12,2017,23,0.638,18.3,23,NA,NA,NA,NA,NA,33
12,12,2017,24,0.7,18.2,24,NA,NA,NA,NA,NA,33
12,12,2017,25,0.595,17.8,25,NA,NA,NA,NA,NA,33
12,12,2017,26,0.644,19.4,26,NA,NA,NA,NA,NA,33
12,12,2017,27,0.646,16.7,27,NA,NA,NA,NA,NA,33
12,12,2017,28,0.577,16.8,28,NA,NA,NA,NA,NA,33
12,12,2017,29,0.662,18.1,29,NA,NA,NA,NA,NA,33
12,12,2017,31,0.656,17.2,31,NA,NA,NA,NA,NA,33
12,12,2017,32,0.623,17.1,32,NA,NA,NA,NA,NA,33
12,12,2017,33,0.473,17.2,33,NA,NA,NA,NA,NA,33
12,12,2017,34,0.692,18.8,34,NA,NA,NA,NA,NA,33
12,12,2017,35,0.603,18,35,NA,NA,NA,NA,NA,33
12,12,2017,36,0.56,16.5,36,NA,NA,NA,NA,NA,33
12,12,2017,37,0.563,17.4,37,NA,NA,NA,NA,NA,33
12,12,2017,39,0.6,19,39,NA,NA,NA,NA,NA,33
12,12,2017,40,0.71,18.8,40,NA,NA,NA,NA,NA,33
12,12,2017,41,0.635,19.9,41,NA,NA,NA,NA,NA,33
12,12,2017,44,0.584,17.6,44,NA,NA,NA,NA,NA,33
12,12,2017,45,0.483,16.8,45,NA,NA,NA,NA,NA,33
12,12,2017,46,0.368,15.4,46,NA,NA,NA,NA,NA,33
12,12,2017,47,0.761,19,47,NA,NA,NA,NA,NA,33
12,12,2017,49,0.711,18.6,49,NA,NA,NA,NA,NA,33
12,12,2017,50,0.522,16.8,50,NA,NA,NA,NA,NA,33
12,12,2017,51,0.527,16.7,51,NA,NA,NA,NA,NA,33
12,12,2017,52,0.602,18.2,52,NA,NA,NA,NA,NA,33
12,12,2017,54,0.57,17.5,54,NA,NA,NA,NA,NA,33
12,12,2017,55,0.281,15.7,55,NA,NA,NA,NA,NA,33
12,12,2017,56,0.629,19.4,56,NA,NA,NA,NA,NA,33
12,12,2017,57,0.62,18.2,57,NA,NA,NA,NA,NA,33
12,12,2017,58,0.488,16.8,58,NA,NA,NA,NA,NA,33
12,12,2017,59,0.63,17.2,59,NA,NA,NA,NA,NA,33
12,12,2017,61,0.653,18,61,NA,NA,NA,NA,NA,33
12,12,2017,63,0.676,19.8,63,NA,NA,NA,NA,NA,33
12,12,2017,65,0.452,16.1,65,NA,NA,NA,NA,NA,33
12,12,2017,66,0.824,18.3,66,NA,NA,NA,NA,NA,33
12,12,2017,67,0.692,18.2,67,NA,NA,NA,NA,NA,33
12,12,2017,68,0.433,16.2,68,NA,NA,NA,NA,NA,33
12,12,2017,69,0.6,17.8,69,NA,NA,NA,NA,NA,33
12,12,2017,70,0.585,18.2,70,NA,NA,NA,NA,NA,33
12,12,2017,71,0.67,18.6,71,NA,NA,NA,NA,NA,33
12,12,2017,73,0.768,17.4,73,NA,NA,NA,NA,NA,33
12,12,2017,74,0.66,18,74,NA,NA,NA,NA,NA,33
12,12,2017,76,0.562,15.8,76,NA,NA,NA,NA,NA,33
12,12,2017,78,0.626,19.9,78,NA,NA,NA,NA,NA,33
12,12,2017,81,0.679,18.9,81,NA,NA,NA,NA,NA,33
12,12,2017,83,0.549,18.1,83,NA,NA,NA,NA,NA,33
12,12,2017,85,0.533,18.2,85,NA,NA,NA,NA,NA,33
12,12,2017,86,0.592,18.1,86,NA,NA,NA,NA,NA,33
12,12,2017,87,0.815,19.5,87,NA,NA,NA,NA,NA,33
12,12,2017,88,0.581,18,88,NA,NA,NA,NA,NA,33
12,12,2017,89,0.576,19.5,89,NA,NA,NA,NA,NA,33
12,12,2017,90,0.505,15.8,90,NA,NA,NA,NA,NA,33
12,12,2017,92,0.655,17.9,92,NA,NA,NA,NA,NA,33
12,12,2017,94,0.715,18.1,94,NA,NA,NA,NA,NA,33
12,12,2017,95,0.501,18.8,95,NA,NA,NA,NA,NA,33
12,12,2017,96,0.574,17.2,96,NA,NA,NA,NA,NA,33
12,12,2017,97,0.496,18,97,NA,NA,NA,NA,NA,33
12,12,2017,99,0.813,20.2,99,NA,NA,NA,NA,NA,33
12,12,2017,100,0.65,17.6,100,NA,NA,NA,NA,NA,33
12,12,2017,101,0.595,19.2,101,NA,NA,NA,NA,NA,33
12,12,2017,103,0.76,21.2,103,NA,NA,NA,NA,NA,33
12,12,2017,104,0.748,19.1,104,NA,NA,NA,NA,NA,33
12,12,2017,107,0.665,18.6,107,NA,NA,NA,NA,NA,33
12,12,2017,108,0.692,18.4,108,NA,NA,NA,NA,NA,33
12,12,2017,109,0.75,18.5,109,NA,NA,NA,NA,NA,33
12,12,2017,110,0.533,17.2,110,NA,NA,NA,NA,NA,33
12,12,2017,111,0.705,19.4,111,NA,NA,NA,NA,NA,33
12,12,2017,113,0.64,18.9,113,NA,NA,NA,NA,NA,33
12,12,2017,114,0.621,17.8,114,NA,NA,NA,NA,NA,33
12,12,2017,117,0.586,17.7,117,NA,NA,NA,NA,NA,33
12,12,2017,118,0.456,17.5,118,NA,NA,NA,NA,NA,33
12,12,2017,119,0.687,17.9,119,NA,NA,NA,NA,NA,33
12,12,2017,120,0.619,18.6,120,NA,NA,NA,NA,NA,33
12,12,2017,121,0.435,15.1,121,NA,NA,NA,NA,NA,33
12,12,2017,123,0.649,18.3,123,NA,NA,NA,NA,NA,33
12,19,2017,1,0.99,19.8,NA,NA,NA,NA,NA,NA,40
12,19,2017,3,0.566,19.2,NA,NA,NA,NA,NA,NA,40
12,19,2017,5,0.684,18.8,NA,NA,NA,NA,NA,NA,40
12,19,2017,7,0.722,18.2,NA,NA,NA,NA,NA,NA,40
12,19,2017,8,0.605,18.2,NA,NA,NA,NA,NA,NA,40
12,19,2017,9,0.527,17,NA,NA,NA,NA,NA,NA,40
12,19,2017,10,0.677,18.5,NA,NA,NA,NA,NA,NA,40
12,19,2017,13,0.666,17.8,NA,NA,NA,NA,NA,NA,40
12,19,2017,15,0.733,18.5,NA,NA,NA,NA,NA,NA,40
12,19,2017,18,0.691,18.65,NA,NA,NA,NA,NA,NA,40
12,19,2017,20,0.609,17.45,NA,NA,NA,NA,NA,NA,40
12,19,2017,22,0.561,16.1,NA,NA,NA,NA,NA,NA,40
12,19,2017,23,0.612,17.6,NA,NA,NA,NA,NA,NA,40
12,19,2017,24,0.731,18.5,NA,NA,NA,NA,NA,NA,40
12,19,2017,25,0.648,17.8,NA,NA,NA,NA,NA,NA,40
12,19,2017,26,0.692,18.7,NA,NA,NA,NA,NA,NA,40
12,19,2017,27,0.686,18.9,NA,NA,NA,NA,NA,NA,40
12,19,2017,28,0.671,18,NA,NA,NA,NA,NA,NA,40
12,19,2017,29,0.729,18.6,NA,NA,NA,NA,NA,NA,40
12,19,2017,31,0.673,18.5,NA,NA,NA,NA,NA,NA,40
12,19,2017,32,0.658,18.8,NA,NA,NA,NA,NA,NA,40
12,19,2017,33,0.468,16.3,NA,NA,NA,NA,NA,NA,40
12,19,2017,34,0.681,18.55,NA,NA,NA,NA,NA,NA,40
12,19,2017,35,0.67,18.25,NA,NA,NA,NA,NA,NA,40
12,19,2017,36,0.615,17.5,NA,NA,NA,NA,NA,NA,40
12,19,2017,37,0.613,16.9,NA,NA,NA,NA,NA,NA,40
12,19,2017,39,0.646,18.3,NA,NA,NA,NA,NA,NA,40
12,19,2017,40,0.72,18.6,NA,NA,NA,NA,NA,NA,40
12,19,2017,41,0.87,20.3,NA,NA,NA,NA,NA,NA,40
12,19,2017,44,0.619,17,NA,NA,NA,NA,NA,NA,40
12,19,2017,45,0.561,16.9,NA,NA,NA,NA,NA,NA,40
12,19,2017,47,0.789,18.8,NA,NA,NA,NA,NA,NA,40
12,19,2017,49,0.759,18.8,NA,NA,NA,NA,NA,NA,40
12,19,2017,50,0.479,16.2,NA,NA,NA,NA,NA,NA,40
12,19,2017,51,0.638,18.8,NA,NA,NA,NA,NA,NA,40
12,19,2017,52,0.625,18.5,NA,NA,NA,NA,NA,NA,40
12,19,2017,54,0.584,16.4,NA,NA,NA,NA,NA,NA,40
12,19,2017,56,0.588,18.5,NA,NA,NA,NA,NA,NA,40
12,19,2017,57,0.491,16.2,NA,NA,NA,NA,NA,NA,40
12,19,2017,58,0.475,16.4,NA,NA,NA,NA,NA,NA,40
12,19,2017,59,0.609,16.9,NA,NA,NA,NA,NA,NA,40
12,19,2017,61,0.708,20.2,NA,NA,NA,NA,NA,NA,40
12,19,2017,63,0.704,18.5,NA,NA,NA,NA,NA,NA,40
12,19,2017,65,0.49,17.2,NA,NA,NA,NA,NA,NA,40
12,19,2017,66,0.837,19.9,NA,NA,NA,NA,NA,NA,40
12,19,2017,67,0.721,18.5,NA,NA,NA,NA,NA,NA,40
12,19,2017,68,0.492,16.4,NA,NA,NA,NA,NA,NA,40
12,19,2017,69,0.662,18,NA,NA,NA,NA,NA,NA,40
12,19,2017,71,0.652,17.5,NA,NA,NA,NA,NA,NA,40
12,19,2017,73,0.802,18.1,NA,NA,NA,NA,NA,NA,40
12,19,2017,74,0.726,18.9,NA,NA,NA,NA,NA,NA,40
12,19,2017,76,0.623,17.55,NA,NA,NA,NA,NA,NA,40
12,19,2017,78,0.556,17.2,NA,NA,NA,NA,NA,NA,40
12,19,2017,81,0.748,18.3,NA,NA,NA,NA,NA,NA,40
12,19,2017,83,0.638,18.3,NA,NA,NA,NA,NA,NA,40
12,19,2017,85,0.533,18.3,NA,NA,NA,NA,NA,NA,40
12,19,2017,86,0.721,18.9,NA,NA,NA,NA,NA,NA,40
12,19,2017,87,0.873,19.8,NA,NA,NA,NA,NA,NA,40
12,19,2017,88,0.523,18,NA,NA,NA,NA,NA,NA,40
12,19,2017,89,0.721,19.1,NA,NA,NA,NA,NA,NA,40
12,19,2017,90,0.545,16.35,NA,NA,NA,NA,NA,NA,40
12,19,2017,92,0.715,18.45,NA,NA,NA,NA,NA,NA,40
12,19,2017,94,0.718,19,NA,NA,NA,NA,NA,NA,40
12,19,2017,95,0.647,17.9,NA,NA,NA,NA,NA,NA,40
12,19,2017,96,0.632,17.5,NA,NA,NA,NA,NA,NA,40
12,19,2017,97,0.522,17.1,NA,NA,NA,NA,NA,NA,40
12,19,2017,99,0.851,20.7,NA,NA,NA,NA,NA,NA,40
12,19,2017,100,0.633,18,NA,NA,NA,NA,NA,NA,40
12,19,2017,101,0.634,18.1,NA,NA,NA,NA,NA,NA,40
12,19,2017,103,0.807,19.5,NA,NA,NA,NA,NA,NA,40
12,19,2017,104,0.789,17.7,NA,NA,NA,NA,NA,NA,40
12,19,2017,107,0.673,18.95,NA,NA,NA,NA,NA,NA,40
12,19,2017,108,0.731,17.5,NA,NA,NA,NA,NA,NA,40
12,19,2017,109,0.791,19.6,NA,NA,NA,NA,NA,NA,40
12,19,2017,110,0.532,17,NA,NA,NA,NA,NA,NA,40
12,19,2017,111,0.727,18.9,NA,NA,NA,NA,NA,NA,40
12,19,2017,113,0.693,18.5,NA,NA,NA,NA,NA,NA,40
12,19,2017,114,0.641,17.9,NA,NA,NA,NA,NA,NA,40
12,19,2017,117,0.65,18,NA,NA,NA,NA,NA,NA,40
12,19,2017,119,0.753,18.3,NA,NA,NA,NA,NA,NA,40
12,19,2017,120,0.69,18.6,NA,NA,NA,NA,NA,NA,40
12,19,2017,121,0.463,15.5,NA,NA,NA,NA,NA,NA,40
12,19,2017,123,0.687,19.3,NA,NA,NA,NA,NA,NA,40
12,28,2017,1,0.95,20.3,NA,NA,NA,NA,NA,NA,49
12,28,2017,3,0.773,18.5,NA,NA,NA,NA,NA,NA,49
12,28,2017,5,0.751,19.3,NA,NA,NA,NA,NA,NA,49
12,28,2017,7,0.754,18.5,NA,NA,NA,NA,NA,NA,49
12,28,2017,8,0.703,19.3,NA,NA,NA,NA,NA,NA,49
12,28,2017,9,0.493,17,NA,NA,NA,NA,NA,NA,49
12,28,2017,10,0.737,19.1,NA,NA,NA,NA,NA,NA,49
12,28,2017,13,0.646,18.5,NA,NA,NA,NA,NA,NA,49
12,28,2017,15,0.826,20.3,NA,NA,NA,NA,NA,NA,49
12,28,2017,18,0.769,19,NA,NA,NA,NA,NA,NA,49
12,28,2017,20,0.655,18.7,NA,NA,NA,NA,NA,NA,49
12,28,2017,22,0.563,18.5,NA,NA,NA,NA,NA,NA,49
12,28,2017,23,0.694,18,NA,NA,NA,NA,NA,NA,49
12,28,2017,24,0.789,19.7,NA,NA,NA,NA,NA,NA,49
12,28,2017,25,0.7,18.6,NA,NA,NA,NA,NA,NA,49
12,28,2017,26,0.62,20.5,NA,NA,NA,NA,NA,NA,49
12,28,2017,27,0.76,20.7,NA,NA,NA,NA,NA,NA,49
12,28,2017,28,0.736,18.5,NA,NA,NA,NA,NA,NA,49
12,28,2017,29,0.74,19,NA,NA,NA,NA,NA,NA,49
12,28,2017,31,0.684,18.6,NA,NA,NA,NA,NA,NA,49
12,28,2017,32,0.771,19,NA,NA,NA,NA,NA,NA,49
12,28,2017,33,0.478,17.5,NA,NA,NA,NA,NA,NA,49
12,28,2017,34,0.701,20.2,NA,NA,NA,NA,NA,NA,49
12,28,2017,36,0.67,18.2,NA,NA,NA,NA,NA,NA,49
12,28,2017,37,0.673,16,NA,NA,NA,NA,NA,NA,49
12,28,2017,39,0.771,18.5,NA,NA,NA,NA,NA,NA,49
12,28,2017,40,0.822,18.5,NA,NA,NA,NA,NA,NA,49
12,28,2017,41,0.948,20.4,NA,NA,NA,NA,NA,NA,49
12,28,2017,44,0.675,18.8,NA,NA,NA,NA,NA,NA,49
12,28,2017,45,0.628,17.8,NA,NA,NA,NA,NA,NA,49
12,28,2017,47,0.9,20.6,NA,NA,NA,NA,NA,NA,49
12,28,2017,49,0.844,19.3,NA,NA,NA,NA,NA,NA,49
12,28,2017,51,0.726,19.2,NA,NA,NA,NA,NA,NA,49
12,28,2017,54,0.664,18.2,NA,NA,NA,NA,NA,NA,49
12,28,2017,57,0.47,16.6,NA,NA,NA,NA,NA,NA,49
12,28,2017,58,0.561,17,NA,NA,NA,NA,NA,NA,49
12,28,2017,59,0.74,18.2,NA,NA,NA,NA,NA,NA,49
12,28,2017,61,0.673,19,NA,NA,NA,NA,NA,NA,49
12,28,2017,63,0.804,18.4,NA,NA,NA,NA,NA,NA,49
12,28,2017,65,0.432,16.6,NA,NA,NA,NA,NA,NA,49
12,28,2017,66,0.893,19.4,NA,NA,NA,NA,NA,NA,49
12,28,2017,67,0.77,19.2,NA,NA,NA,NA,NA,NA,49
12,28,2017,68,0.517,16.5,NA,NA,NA,NA,NA,NA,49
12,28,2017,69,0.761,19.6,NA,NA,NA,NA,NA,NA,49
12,28,2017,71,0.543,18.5,NA,NA,NA,NA,NA,NA,49
12,28,2017,73,0.87,19.5,NA,NA,NA,NA,NA,NA,49
12,28,2017,74,0.786,19.5,NA,NA,NA,NA,NA,NA,49
12,28,2017,76,0.688,18.2,NA,NA,NA,NA,NA,NA,49
12,28,2017,78,0.49,17.5,NA,NA,NA,NA,NA,NA,49
12,28,2017,81,0.866,20.1,NA,NA,NA,NA,NA,NA,49
12,28,2017,83,0.73,19.5,NA,NA,NA,NA,NA,NA,49
12,28,2017,85,0.47,18.2,NA,NA,NA,NA,NA,NA,49
12,28,2017,86,0.708,19.5,NA,NA,NA,NA,NA,NA,49
12,28,2017,87,0.929,20.4,NA,NA,NA,NA,NA,NA,49
12,28,2017,89,0.741,19.4,NA,NA,NA,NA,NA,NA,49
12,28,2017,90,0.618,16.7,NA,NA,NA,NA,NA,NA,49
12,28,2017,92,0.817,19,NA,NA,NA,NA,NA,NA,49
12,28,2017,94,0.753,19,NA,NA,NA,NA,NA,NA,49
12,28,2017,95,0.738,18.5,NA,NA,NA,NA,NA,NA,49
12,28,2017,96,0.682,19.5,NA,NA,NA,NA,NA,NA,49
12,28,2017,99,0.76,19,NA,NA,NA,NA,NA,NA,49
12,28,2017,100,0.602,18.3,NA,NA,NA,NA,NA,NA,49
12,28,2017,101,0.741,19.4,NA,NA,NA,NA,NA,NA,49
12,28,2017,103,0.905,19.8,NA,NA,NA,NA,NA,NA,49
12,28,2017,104,0.869,19,NA,NA,NA,NA,NA,NA,49
12,28,2017,107,0.781,19.4,NA,NA,NA,NA,NA,NA,49
12,28,2017,108,0.81,19.4,NA,NA,NA,NA,NA,NA,49
12,28,2017,109,0.895,19.2,NA,NA,NA,NA,NA,NA,49
12,28,2017,110,0.516,17.7,NA,NA,NA,NA,NA,NA,49
12,28,2017,111,0.781,19.6,NA,NA,NA,NA,NA,NA,49
12,28,2017,113,0.754,19.3,NA,NA,NA,NA,NA,NA,49
12,28,2017,114,0.703,18.5,NA,NA,NA,NA,NA,NA,49
12,28,2017,117,0.692,18,NA,NA,NA,NA,NA,NA,49
12,28,2017,119,0.85,19.1,NA,NA,NA,NA,NA,NA,49
12,28,2017,120,0.803,20,NA,NA,NA,NA,NA,NA,49
12,28,2017,121,0.6,16.2,NA,NA,NA,NA,NA,NA,49
12,28,2017,123,0.68,19.7,NA,NA,NA,NA,NA,NA,49